Age,Income,CreditScore,LoanAmount,EmploymentYears,EmploymentType,Education,Married,HomeOwnership,LoanApproved
45.0,8134.0,450.0,27308.0,3.0,Unemployed,Master,No,Rent,0
49.0,3672.0,563.0,38506.0,21.0,Self-employed,High School,Yes,Mortgage,0
19.0,8938.0,564.0,10139.0,5.0,Employed,High School,No,Mortgage,0
50.0,6069.0,481.0,12042.0,7.0,Self-employed,High School,Yes,Own,0
59.0,7425.0,553.0,29877.0,23.0,Unemployed,PhD,No,Rent,0
51.0,4648.0,513.0,12709.0,23.0,Unemployed,High School,Yes,Own,0
48.0,6794.0,594.0,31123.0,4.0,Unemployed,Master,No,Rent,0
51.0,9951.0,457.0,6156.0,5.0,Employed,Master,Yes,Rent,0
18.0,6557.0,444.0,35879.0,12.0,Employed,High School,Yes,Rent,0
56.0,6758.0,495.0,3946.0,0.0,Unemployed,Master,Yes,Mortgage,0
22.0,5166.0,667.0,36953.0,18.0,Unemployed,Bachelor,Yes,Own,0
25.0,8698.0,624.0,1479.0,2.0,Unemployed,PhD,Yes,Own,0
30.0,6663.0,674.0,9557.0,4.0,Unemployed,Bachelor,No,Mortgage,0
32.0,3555.0,495.0,2064.0,22.0,Employed,Master,No,Rent,0
57.0,2455.0,559.0,31598.0,2.0,Unemployed,PhD,No,Rent,0
28.0,4911.0,610.0,39719.0,3.0,Unemployed,Master,No,Mortgage,0
47.0,5933.0,679.0,,2.0,Unemployed,Bachelor,No,Mortgage,0
46.0,5185.0,621.0,25744.0,20.0,Self-employed,Master,No,Mortgage,0
44.0,7219.0,454.0,29531.0,1.0,Employed,High School,No,Own,0
58.0,3182.0,636.0,4758.0,5.0,Employed,High School,Yes,Rent,0
54.0,5260.0,468.0,11687.0,13.0,Self-employed,High School,Yes,Rent,0
36.0,9692.0,420.0,34391.0,14.0,Unemployed,PhD,Yes,Rent,0
50.0,4451.0,454.0,25600.0,0.0,Unemployed,High School,No,Rent,0
55.0,3748.0,564.0,9745.0,9.0,Self-employed,PhD,Yes,Rent,0
58.0,2107.0,443.0,3240.0,1.0,Unemployed,PhD,No,Own,0
62.0,8035.0,477.0,10621.0,9.0,Unemployed,Master,No,Mortgage,0
46.0,2363.0,513.0,28893.0,17.0,Self-employed,PhD,Yes,Rent,0
43.0,3841.0,455.0,11627.0,6.0,Unemployed,Master,No,Own,0
64.0,5382.0,428.0,27608.0,11.0,Employed,Master,Yes,Own,0
59.0,8976.0,701.0,17338.0,0.0,Employed,High School,No,Mortgage,0
31.0,4610.0,488.0,13085.0,15.0,Self-employed,High School,No,Mortgage,0
18.0,3084.0,423.0,1055.0,5.0,Employed,Master,Yes,Own,0
38.0,4787.0,433.0,,11.0,Self-employed,PhD,Yes,Mortgage,0
45.0,9823.0,467.0,32118.0,16.0,Employed,Bachelor,No,Rent,0
31.0,6528.0,554.0,13425.0,18.0,Self-employed,PhD,No,Rent,0
49.0,6840.0,719.0,30174.0,,,Master,No,Rent,0
44.0,5570.0,483.0,14325.0,12.0,Employed,PhD,Yes,Rent,0
21.0,6767.0,450.0,16935.0,14.0,Unemployed,High School,No,Rent,0
32.0,4455.0,508.0,15899.0,12.0,Unemployed,Master,Yes,Own,0
25.0,2705.0,628.0,37073.0,,Employed,Master,No,Rent,0
44.0,8817.0,460.0,9444.0,24.0,Self-employed,Bachelor,No,Own,0
30.0,4455.0,427.0,2461.0,20.0,Employed,Bachelor,No,Own,0
54.0,3919.0,737.0,27587.0,3.0,Employed,Master,No,Mortgage,0
60.0,4888.0,543.0,28843.0,3.0,Self-employed,Bachelor,Yes,Mortgage,0
33.0,8669.0,483.0,33447.0,21.0,Self-employed,Master,Yes,Own,0
23.0,2493.0,650.0,15031.0,24.0,Unemployed,,No,Mortgage,0
37.0,2366.0,498.0,2637.0,7.0,Self-employed,PhD,Yes,Mortgage,0
43.0,9691.0,498.0,5235.0,13.0,Self-employed,Bachelor,Yes,Mortgage,0
44.0,2182.0,568.0,4709.0,2.0,Employed,Master,No,Rent,0
63.0,9976.0,517.0,,5.0,Unemployed,High School,Yes,Rent,0
32.0,4895.0,613.0,32364.0,15.0,Unemployed,Master,No,Own,0
26.0,6338.0,435.0,3496.0,5.0,Employed,Bachelor,No,Own,0
54.0,3070.0,422.0,31406.0,12.0,Unemployed,Bachelor,Yes,Rent,0
57.0,2938.0,565.0,31498.0,24.0,Unemployed,PhD,Yes,Rent,0
31.0,2312.0,472.0,16294.0,18.0,Unemployed,Master,No,Rent,0
39.0,2954.0,545.0,8207.0,4.0,Employed,Master,Yes,Own,0
19.0,6733.0,573.0,21493.0,16.0,Employed,Bachelor,Yes,Mortgage,0
48.0,2591.0,602.0,35085.0,9.0,Unemployed,PhD,No,Own,0
43.0,8466.0,651.0,23175.0,11.0,Self-employed,PhD,No,Rent,0
18.0,5206.0,439.0,16818.0,12.0,Self-employed,Bachelor,Yes,Rent,0
51.0,6464.0,,24604.0,18.0,Employed,Bachelor,Yes,Rent,0
25.0,6333.0,532.0,27769.0,7.0,Employed,High School,No,Rent,0
18.0,3130.0,508.0,28700.0,21.0,Unemployed,Bachelor,No,Own,0
54.0,9656.0,445.0,4077.0,8.0,Self-employed,High School,Yes,Rent,0
53.0,6711.0,567.0,14286.0,9.0,Self-employed,High School,Yes,Mortgage,0
52.0,9773.0,452.0,32281.0,3.0,Self-employed,Bachelor,No,Own,0
58.0,2200.0,556.0,9491.0,24.0,Employed,PhD,Yes,Mortgage,0
18.0,6456.0,643.0,39134.0,20.0,Self-employed,High School,Yes,Own,0
46.0,7591.0,,35023.0,5.0,Unemployed,High School,Yes,Mortgage,0
19.0,5240.0,541.0,34706.0,22.0,Self-employed,High School,No,Own,0
49.0,6525.0,613.0,28204.0,8.0,Unemployed,High School,No,Mortgage,0
25.0,3615.0,422.0,39740.0,16.0,Unemployed,Master,No,Rent,0
19.0,6871.0,427.0,38000.0,19.0,Employed,High School,Yes,Rent,0
24.0,6881.0,450.0,18444.0,11.0,Unemployed,High School,No,Own,0
27.0,5821.0,528.0,13657.0,21.0,Unemployed,PhD,No,Mortgage,0
39.0,5636.0,664.0,4304.0,1.0,Self-employed,PhD,Yes,Mortgage,0
29.0,6853.0,566.0,32743.0,18.0,Self-employed,Bachelor,Yes,Mortgage,0
34.0,5073.0,,24343.0,11.0,Self-employed,PhD,Yes,Rent,0
55.0,5639.0,475.0,33256.0,2.0,Self-employed,High School,Yes,Rent,0
21.0,4463.0,445.0,15397.0,13.0,Employed,PhD,No,Mortgage,0
25.0,6702.0,567.0,36321.0,11.0,Unemployed,Master,Yes,Mortgage,0
43.0,2617.0,559.0,20625.0,20.0,Unemployed,High School,No,Rent,0
30.0,7570.0,472.0,23809.0,8.0,Employed,Master,Yes,Mortgage,0
52.0,7994.0,547.0,10386.0,4.0,Self-employed,PhD,,Own,0
24.0,6890.0,516.0,14021.0,4.0,Unemployed,PhD,Yes,Mortgage,0
37.0,2054.0,617.0,32200.0,23.0,Employed,PhD,No,Own,0
32.0,2396.0,422.0,27311.0,19.0,Self-employed,Bachelor,Yes,Own,0
59.0,9822.0,706.0,15043.0,10.0,Unemployed,High School,No,Own,0
64.0,8578.0,438.0,7330.0,15.0,Self-employed,High School,Yes,Rent,0
19.0,6337.0,555.0,36890.0,8.0,Self-employed,PhD,Yes,Own,0
49.0,4458.0,589.0,31817.0,14.0,Unemployed,Master,Yes,Mortgage,0
28.0,3501.0,439.0,36525.0,22.0,Unemployed,Bachelor,No,Mortgage,0
63.0,7020.0,439.0,9108.0,19.0,Employed,High School,No,Mortgage,0
64.0,9835.0,531.0,16982.0,19.0,Self-employed,Master,No,Rent,0
51.0,7017.0,657.0,13902.0,11.0,Unemployed,,No,Rent,0
43.0,3839.0,489.0,9243.0,5.0,Self-employed,Bachelor,Yes,Own,0
49.0,7387.0,475.0,2430.0,2.0,Employed,Bachelor,Yes,Rent,0
52.0,3090.0,427.0,3597.0,6.0,Self-employed,High School,Yes,Own,0
27.0,7041.0,571.0,5707.0,24.0,Unemployed,PhD,No,Own,0
39.0,9065.0,695.0,4279.0,8.0,Self-employed,Bachelor,No,Mortgage,0
26.0,6303.0,517.0,11404.0,7.0,Unemployed,High School,No,Rent,0
46.0,8030.0,,27142.0,13.0,Unemployed,PhD,Yes,Own,0
52.0,7079.0,530.0,37729.0,13.0,Unemployed,Master,No,Rent,0
45.0,8233.0,447.0,29781.0,3.0,Self-employed,Bachelor,No,Rent,0
61.0,4919.0,485.0,11876.0,3.0,Employed,Master,No,Mortgage,0
21.0,2640.0,453.0,16759.0,12.0,Unemployed,Bachelor,No,Rent,0
62.0,2944.0,507.0,31509.0,13.0,Employed,High School,No,Rent,0
43.0,7356.0,488.0,14019.0,20.0,Employed,Bachelor,Yes,Mortgage,0
61.0,1852.0,608.0,39715.0,5.0,Employed,Bachelor,No,Rent,0
58.0,7057.0,496.0,28763.0,6.0,Self-employed,PhD,No,Mortgage,0
55.0,2794.0,457.0,9139.0,2.0,Self-employed,PhD,Yes,Rent,0
31.0,9207.0,426.0,22534.0,22.0,Employed,High School,No,Own,0
31.0,3826.0,652.0,27508.0,17.0,Self-employed,Bachelor,No,Mortgage,0
45.0,8049.0,561.0,34450.0,0.0,Unemployed,Bachelor,Yes,Mortgage,0
46.0,3232.0,668.0,20944.0,4.0,Unemployed,Bachelor,Yes,Own,0
19.0,8236.0,459.0,12855.0,17.0,Unemployed,Bachelor,Yes,Mortgage,0
59.0,7114.0,571.0,30701.0,8.0,Employed,High School,No,Rent,0
53.0,3988.0,520.0,24530.0,12.0,Unemployed,Master,No,Own,0
30.0,3276.0,447.0,14078.0,3.0,,High School,Yes,Own,0
48.0,3973.0,583.0,33252.0,24.0,Employed,PhD,Yes,Own,0
42.0,7992.0,562.0,39387.0,17.0,Employed,High School,Yes,Rent,0
18.0,3561.0,473.0,27613.0,1.0,Employed,High School,No,Mortgage,0
25.0,7632.0,568.0,13696.0,23.0,Employed,Master,No,Mortgage,0
63.0,6516.0,445.0,9788.0,24.0,Self-employed,High School,Yes,Rent,0
57.0,3916.0,570.0,18173.0,13.0,Unemployed,Bachelor,Yes,Own,0
,6653.0,556.0,19305.0,4.0,Unemployed,Master,No,Own,0
30.0,8179.0,503.0,29333.0,1.0,Employed,PhD,No,Rent,0
,8850.0,424.0,7764.0,15.0,Self-employed,Bachelor,Yes,Mortgage,0
23.0,1745.0,438.0,29012.0,21.0,Self-employed,Bachelor,Yes,Mortgage,0
31.0,7138.0,425.0,21286.0,24.0,Unemployed,Bachelor,No,Own,0
23.0,1778.0,506.0,4455.0,0.0,Employed,High School,No,Rent,0
35.0,4594.0,594.0,26724.0,9.0,Employed,Bachelor,No,Rent,0
63.0,4482.0,436.0,25153.0,15.0,Employed,Bachelor,Yes,Mortgage,0
24.0,4942.0,505.0,4189.0,5.0,Employed,Bachelor,No,Rent,0
61.0,9363.0,496.0,2263.0,7.0,Self-employed,High School,,Own,0
55.0,8034.0,423.0,35452.0,15.0,Unemployed,High School,Yes,Rent,0
61.0,8271.0,427.0,10840.0,13.0,Employed,Bachelor,Yes,Rent,0
62.0,4082.0,694.0,27619.0,15.0,Employed,High School,No,Rent,0
42.0,7276.0,420.0,10652.0,11.0,Self-employed,High School,No,Rent,0
,5061.0,432.0,33835.0,9.0,Employed,Master,No,Own,0
36.0,3751.0,619.0,9413.0,22.0,Unemployed,High School,No,Mortgage,0
41.0,5094.0,587.0,11101.0,12.0,Self-employed,Master,No,Rent,0
49.0,9609.0,479.0,18568.0,1.0,Unemployed,Bachelor,Yes,Own,0
33.0,4101.0,481.0,3362.0,19.0,Unemployed,PhD,No,Rent,0
49.0,5117.0,,20787.0,18.0,Unemployed,PhD,No,Own,0
19.0,7899.0,469.0,2794.0,22.0,Unemployed,PhD,No,Rent,0
26.0,9764.0,595.0,29292.0,19.0,Employed,Master,No,Mortgage,0
21.0,3416.0,645.0,8345.0,10.0,Employed,Bachelor,Yes,Mortgage,0
42.0,1791.0,420.0,3813.0,,Self-employed,High School,Yes,Rent,0
28.0,5013.0,447.0,18455.0,19.0,Employed,Bachelor,No,Own,0
22.0,5584.0,450.0,20860.0,,Self-employed,Master,No,Rent,0
37.0,9289.0,467.0,5949.0,4.0,Unemployed,Master,No,Mortgage,0
57.0,3908.0,490.0,3189.0,0.0,Self-employed,Bachelor,No,Rent,0
56.0,2531.0,606.0,4410.0,23.0,Self-employed,Master,Yes,Mortgage,0
48.0,3724.0,632.0,16685.0,11.0,Unemployed,Bachelor,Yes,Mortgage,0
37.0,4402.0,669.0,15237.0,1.0,Self-employed,High School,Yes,Mortgage,0
53.0,4640.0,532.0,32506.0,15.0,Self-employed,High School,No,Mortgage,0
27.0,9618.0,481.0,2525.0,23.0,Employed,Bachelor,Yes,Mortgage,0
29.0,1829.0,445.0,8096.0,13.0,Self-employed,High School,No,Mortgage,0
39.0,4135.0,498.0,36184.0,5.0,Self-employed,PhD,Yes,Mortgage,0
32.0,9661.0,530.0,9554.0,1.0,Employed,Master,No,Rent,0
47.0,3639.0,692.0,26706.0,2.0,Unemployed,Master,No,Rent,0
30.0,9356.0,529.0,25880.0,23.0,Unemployed,Master,Yes,Mortgage,0
42.0,3562.0,498.0,9407.0,12.0,Unemployed,Master,Yes,Rent,0
55.0,5354.0,425.0,34608.0,20.0,Self-employed,Bachelor,No,Mortgage,0
40.0,8775.0,520.0,26952.0,,Employed,High School,No,Rent,0
52.0,2418.0,547.0,12677.0,3.0,Self-employed,Bachelor,No,Mortgage,0
57.0,6374.0,572.0,8558.0,11.0,Employed,Bachelor,No,Mortgage,0
42.0,7337.0,484.0,,3.0,Unemployed,Master,Yes,Rent,0
28.0,3563.0,434.0,21400.0,13.0,Self-employed,PhD,Yes,Rent,0
50.0,4827.0,498.0,25914.0,4.0,Self-employed,Bachelor,Yes,Own,0
47.0,1927.0,558.0,1329.0,13.0,Unemployed,Bachelor,No,Own,0
50.0,7702.0,587.0,25169.0,16.0,Unemployed,PhD,No,Rent,0
30.0,6818.0,432.0,31428.0,24.0,Employed,High School,No,Own,0
58.0,2905.0,523.0,18469.0,11.0,Self-employed,Master,No,Mortgage,0
28.0,3760.0,545.0,17185.0,8.0,Self-employed,Bachelor,Yes,Mortgage,0
35.0,7420.0,457.0,12132.0,6.0,Employed,High School,Yes,Mortgage,0
40.0,5795.0,613.0,21524.0,19.0,Unemployed,Bachelor,No,Rent,0
42.0,3417.0,429.0,33207.0,3.0,Self-employed,High School,No,Own,0
55.0,2847.0,467.0,31086.0,10.0,Self-employed,Master,Yes,Own,0
56.0,5253.0,471.0,25559.0,20.0,Unemployed,Bachelor,Yes,Mortgage,0
,5410.0,452.0,34457.0,0.0,Employed,High School,No,Mortgage,0
29.0,7403.0,515.0,8144.0,11.0,Self-employed,Master,No,Mortgage,0
56.0,5084.0,699.0,23631.0,5.0,Employed,Master,No,Own,0
62.0,2860.0,601.0,30819.0,20.0,Employed,High School,Yes,,0
56.0,4074.0,534.0,13020.0,17.0,Unemployed,PhD,Yes,Mortgage,0
63.0,3784.0,515.0,15683.0,0.0,Employed,Bachelor,No,Rent,0
47.0,6773.0,479.0,6724.0,5.0,Employed,Bachelor,Yes,Mortgage,0
49.0,8734.0,495.0,2188.0,5.0,Unemployed,Master,Yes,Own,0
39.0,6235.0,509.0,16624.0,1.0,Unemployed,High School,Yes,Rent,0
55.0,5422.0,508.0,35475.0,8.0,Self-employed,PhD,No,Own,0
40.0,4328.0,588.0,35059.0,23.0,Unemployed,Master,No,Rent,0
22.0,3717.0,548.0,1439.0,21.0,Self-employed,Master,Yes,Own,0
31.0,6169.0,578.0,37699.0,15.0,Self-employed,Bachelor,Yes,Mortgage,0
31.0,5136.0,472.0,21353.0,15.0,Employed,Master,No,Mortgage,0
59.0,8111.0,600.0,2409.0,4.0,Self-employed,PhD,Yes,Mortgage,0
51.0,9668.0,502.0,18909.0,19.0,Employed,Master,No,Rent,0
22.0,9484.0,488.0,6054.0,13.0,Self-employed,Master,Yes,Rent,0
40.0,1696.0,704.0,34991.0,8.0,Self-employed,Master,Yes,Own,0
54.0,5642.0,693.0,37729.0,13.0,Employed,High School,No,Rent,0
35.0,9230.0,440.0,2834.0,2.0,Unemployed,High School,Yes,Own,0
45.0,9490.0,476.0,1568.0,14.0,Employed,Bachelor,Yes,Own,0
55.0,1966.0,477.0,25046.0,16.0,Unemployed,High School,No,Own,0
30.0,4192.0,549.0,39791.0,17.0,Self-employed,Master,No,Mortgage,0
30.0,9205.0,506.0,9306.0,15.0,Employed,Bachelor,Yes,Own,0
30.0,9060.0,541.0,23083.0,0.0,Unemployed,Master,Yes,Own,0
57.0,2146.0,703.0,22978.0,8.0,Employed,Master,Yes,Own,0
21.0,8043.0,429.0,34318.0,18.0,Self-employed,Bachelor,Yes,Own,0
21.0,5866.0,490.0,10079.0,1.0,Unemployed,PhD,No,Own,0
63.0,7554.0,552.0,27288.0,1.0,Self-employed,High School,No,Mortgage,0
35.0,4461.0,576.0,3302.0,8.0,Self-employed,High School,No,Mortgage,0
39.0,9147.0,522.0,30048.0,22.0,Unemployed,Master,No,Mortgage,0
50.0,3288.0,,12572.0,10.0,Employed,High School,No,Own,0
24.0,8282.0,490.0,26072.0,2.0,Unemployed,PhD,No,Rent,0
19.0,3553.0,501.0,3180.0,2.0,Employed,PhD,Yes,Own,0
47.0,4123.0,497.0,8912.0,1.0,Unemployed,High School,Yes,Mortgage,0
50.0,7035.0,660.0,35175.0,8.0,Unemployed,Master,No,Own,0
53.0,9799.0,518.0,19379.0,23.0,Self-employed,Master,No,Own,0
49.0,5360.0,502.0,4444.0,17.0,Self-employed,High School,Yes,Mortgage,0
33.0,2361.0,537.0,12155.0,22.0,Employed,Master,Yes,Rent,0
37.0,8448.0,693.0,31074.0,20.0,Employed,Master,,Own,0
,,613.0,26193.0,5.0,Unemployed,PhD,Yes,Mortgage,0
27.0,8284.0,526.0,33285.0,13.0,Employed,High School,Yes,Own,0
,1749.0,602.0,33109.0,4.0,Unemployed,High School,Yes,Mortgage,0
36.0,5703.0,460.0,23917.0,5.0,Unemployed,PhD,No,Rent,0
49.0,3328.0,476.0,19299.0,14.0,Self-employed,Bachelor,No,Mortgage,0
56.0,2054.0,690.0,30209.0,,Unemployed,Master,No,Mortgage,0
62.0,5225.0,557.0,13210.0,6.0,Self-employed,Master,Yes,Own,0
30.0,5427.0,732.0,22091.0,13.0,Unemployed,PhD,Yes,Mortgage,0
18.0,8318.0,447.0,39368.0,3.0,Self-employed,Bachelor,No,Mortgage,0
29.0,3163.0,542.0,21629.0,13.0,Unemployed,High School,Yes,Mortgage,0
19.0,2795.0,445.0,,15.0,Unemployed,Bachelor,No,Rent,0
30.0,3454.0,605.0,28071.0,1.0,,,No,Rent,0
64.0,7929.0,531.0,16385.0,6.0,Unemployed,Bachelor,Yes,Own,0
54.0,2969.0,449.0,22716.0,2.0,Self-employed,High School,No,Rent,0
28.0,8645.0,468.0,5778.0,23.0,Employed,Master,No,Mortgage,0
33.0,7267.0,639.0,28485.0,1.0,Self-employed,PhD,Yes,Mortgage,0
49.0,3609.0,431.0,17994.0,4.0,Employed,PhD,No,Own,0
60.0,2530.0,516.0,26754.0,20.0,Self-employed,Bachelor,No,Mortgage,0
37.0,2659.0,492.0,27412.0,3.0,Unemployed,Bachelor,Yes,Own,0
53.0,7737.0,429.0,10442.0,15.0,Unemployed,Master,No,Rent,0
32.0,1552.0,602.0,29538.0,0.0,Employed,Master,No,Rent,0
26.0,6258.0,445.0,11649.0,11.0,Employed,PhD,No,Own,0
21.0,9606.0,442.0,4958.0,5.0,Unemployed,PhD,No,Rent,0
41.0,7902.0,622.0,33969.0,24.0,Self-employed,PhD,No,Rent,0
18.0,7604.0,428.0,1773.0,22.0,Employed,Bachelor,Yes,Own,0
,6767.0,578.0,30692.0,10.0,Self-employed,PhD,No,Mortgage,0
41.0,6811.0,550.0,38170.0,14.0,Employed,Master,No,Rent,0
40.0,1619.0,470.0,1152.0,1.0,Unemployed,High School,Yes,Own,0
39.0,2323.0,614.0,4379.0,18.0,Self-employed,Master,Yes,Mortgage,0
60.0,5564.0,690.0,4320.0,4.0,Employed,Master,No,Own,1
47.0,4010.0,720.0,25799.0,0.0,Employed,High School,No,Mortgage,1
47.0,1833.0,709.0,4236.0,17.0,Unemployed,Bachelor,Yes,Mortgage,1
63.0,7900.0,750.0,17008.0,11.0,Unemployed,Bachelor,Yes,Mortgage,1
34.0,5433.0,715.0,17365.0,21.0,Unemployed,Bachelor,No,Mortgage,1
48.0,7692.0,721.0,17445.0,7.0,Employed,High School,Yes,Own,1
53.0,8072.0,804.0,18662.0,11.0,Employed,High School,Yes,Rent,1
46.0,1979.0,724.0,20653.0,12.0,Self-employed,PhD,Yes,Own,1
34.0,7981.0,782.0,2692.0,9.0,Employed,High School,No,Rent,1
48.0,3316.0,664.0,,21.0,Self-employed,Bachelor,No,Mortgage,1
29.0,9943.0,769.0,31257.0,1.0,Unemployed,Bachelor,No,Rent,1
21.0,5624.0,610.0,8130.0,1.0,Self-employed,Master,Yes,Own,1
25.0,4935.0,582.0,24242.0,3.0,Unemployed,High School,No,Own,1
46.0,9244.0,843.0,4884.0,0.0,Unemployed,Bachelor,Yes,Rent,1
45.0,7011.0,824.0,24341.0,0.0,Employed,PhD,Yes,Mortgage,1
24.0,7446.0,775.0,32960.0,4.0,Unemployed,PhD,Yes,Mortgage,1
21.0,6178.0,795.0,39147.0,1.0,Unemployed,High School,No,Rent,1
54.0,1536.0,613.0,11066.0,15.0,Unemployed,PhD,Yes,Mortgage,1
53.0,9907.0,711.0,27402.0,12.0,,Bachelor,No,Mortgage,1
44.0,4373.0,826.0,15515.0,1.0,Self-employed,High School,Yes,Mortgage,1
38.0,6931.0,637.0,14323.0,1.0,Self-employed,Bachelor,Yes,Rent,1
20.0,5777.0,515.0,26985.0,8.0,Self-employed,PhD,Yes,Mortgage,1
37.0,5696.0,649.0,27272.0,8.0,Unemployed,PhD,Yes,Own,1
52.0,2563.0,788.0,21098.0,3.0,Unemployed,Bachelor,Yes,Mortgage,1
45.0,6487.0,665.0,31671.0,9.0,Self-employed,High School,Yes,Mortgage,1
23.0,2120.0,744.0,28525.0,17.0,Employed,PhD,Yes,Mortgage,1
50.0,8275.0,807.0,7033.0,13.0,Unemployed,High School,No,Own,1
23.0,8336.0,806.0,20357.0,10.0,Self-employed,Bachelor,Yes,Mortgage,1
33.0,5964.0,672.0,6947.0,23.0,Unemployed,Master,Yes,Own,1
26.0,8405.0,815.0,7974.0,17.0,Unemployed,Master,No,Mortgage,1
36.0,6142.0,657.0,22438.0,23.0,Self-employed,PhD,No,Own,1
31.0,6906.0,697.0,6358.0,24.0,Employed,High School,No,Mortgage,1
45.0,9362.0,769.0,4409.0,12.0,,Bachelor,Yes,Mortgage,1
23.0,2390.0,818.0,26557.0,17.0,Unemployed,Master,No,Rent,1
45.0,4396.0,595.0,18243.0,12.0,Unemployed,PhD,Yes,Mortgage,1
50.0,7662.0,831.0,21534.0,16.0,Employed,Master,No,Rent,1
64.0,7606.0,717.0,10586.0,8.0,Employed,Bachelor,No,Mortgage,1
32.0,1914.0,619.0,25959.0,14.0,Unemployed,High School,Yes,Rent,1
32.0,4455.0,845.0,3927.0,22.0,Self-employed,High School,No,Rent,1
63.0,5837.0,794.0,13567.0,11.0,Unemployed,Master,No,Rent,1
42.0,8198.0,830.0,26739.0,11.0,Employed,Bachelor,Yes,Mortgage,1
40.0,8747.0,799.0,24235.0,9.0,Employed,Bachelor,Yes,Own,1
40.0,6951.0,654.0,,18.0,Employed,Master,No,Rent,1
53.0,2354.0,791.0,38705.0,16.0,Self-employed,Bachelor,Yes,Own,1
54.0,7471.0,777.0,28609.0,19.0,Employed,Bachelor,No,Mortgage,1
54.0,2019.0,613.0,18456.0,23.0,Employed,PhD,Yes,,1
31.0,3943.0,682.0,23977.0,24.0,Unemployed,PhD,Yes,Own,1
20.0,4352.0,601.0,35140.0,5.0,Employed,Master,No,Mortgage,1
24.0,9603.0,811.0,6376.0,17.0,Employed,Bachelor,No,Own,1
46.0,3278.0,738.0,,24.0,Unemployed,Master,Yes,Rent,1
19.0,8429.0,779.0,26167.0,10.0,Self-employed,High School,Yes,Mortgage,1
34.0,3311.0,696.0,14924.0,7.0,Unemployed,High School,Yes,Mortgage,1
33.0,4820.0,632.0,39419.0,2.0,Employed,High School,No,Own,1
45.0,4603.0,731.0,4819.0,4.0,Unemployed,High School,No,Own,1
18.0,1990.0,805.0,21620.0,3.0,Self-employed,Bachelor,Yes,Own,1
39.0,5555.0,683.0,20708.0,15.0,Self-employed,Bachelor,Yes,Rent,1
44.0,6965.0,619.0,15689.0,10.0,Unemployed,PhD,No,Mortgage,1
40.0,1642.0,703.0,3557.0,15.0,Self-employed,PhD,Yes,Own,1
58.0,2510.0,748.0,13657.0,19.0,Self-employed,Master,Yes,Own,1
45.0,3688.0,647.0,35958.0,23.0,Self-employed,PhD,No,Own,1
54.0,3717.0,622.0,4122.0,10.0,Unemployed,Master,No,Mortgage,1
49.0,2543.0,762.0,18111.0,23.0,Employed,High School,No,Mortgage,1
21.0,7356.0,610.0,24213.0,24.0,Employed,PhD,Yes,Rent,1
59.0,6938.0,821.0,35613.0,17.0,Unemployed,PhD,No,Rent,1
44.0,7856.0,737.0,7599.0,12.0,Employed,High School,Yes,Own,1
52.0,2808.0,740.0,26942.0,12.0,Self-employed,Master,Yes,Mortgage,1
28.0,9979.0,717.0,15981.0,10.0,Self-employed,High School,Yes,Rent,1
18.0,6407.0,755.0,16953.0,20.0,Self-employed,PhD,No,Own,1
57.0,3998.0,728.0,26787.0,22.0,Unemployed,Master,No,Rent,1
57.0,6925.0,801.0,5533.0,19.0,Employed,High School,Yes,Own,1
,2161.0,552.0,11330.0,19.0,Employed,Master,No,Mortgage,1
58.0,8200.0,669.0,2652.0,24.0,Employed,High School,No,Rent,1
39.0,6402.0,679.0,17485.0,18.0,Unemployed,Bachelor,No,Rent,1
51.0,8427.0,745.0,11291.0,15.0,Unemployed,High School,Yes,Own,1
36.0,7948.0,839.0,23573.0,3.0,Self-employed,High School,No,Own,1
20.0,2122.0,801.0,13945.0,10.0,Employed,Bachelor,No,Mortgage,1
62.0,8365.0,754.0,16138.0,14.0,Unemployed,High School,Yes,Own,1
54.0,9747.0,512.0,12530.0,20.0,Self-employed,Master,No,Rent,1
41.0,9804.0,593.0,17229.0,8.0,Unemployed,High School,Yes,Mortgage,1
42.0,4638.0,632.0,33324.0,10.0,Self-employed,Master,Yes,Rent,1
49.0,3647.0,671.0,6068.0,24.0,Unemployed,PhD,Yes,Mortgage,1
54.0,9103.0,818.0,32388.0,19.0,Self-employed,PhD,Yes,Own,1
42.0,9281.0,570.0,36985.0,18.0,Unemployed,Bachelor,No,Mortgage,1
45.0,7631.0,799.0,13071.0,16.0,Self-employed,Bachelor,No,Own,1
21.0,3055.0,668.0,6276.0,22.0,Employed,High School,No,Rent,1
60.0,4812.0,703.0,23127.0,23.0,Self-employed,Bachelor,No,Mortgage,1
18.0,3461.0,842.0,28780.0,18.0,Self-employed,High School,Yes,Rent,1
51.0,6614.0,742.0,36138.0,20.0,Employed,Master,Yes,Own,1
45.0,1987.0,621.0,10367.0,17.0,Employed,PhD,Yes,Own,1
45.0,4249.0,590.0,5581.0,12.0,Unemployed,Bachelor,No,Rent,1
56.0,2469.0,753.0,3901.0,14.0,Employed,Bachelor,Yes,Mortgage,1
27.0,1632.0,494.0,28509.0,19.0,Self-employed,Master,Yes,Rent,1
46.0,5904.0,699.0,8973.0,8.0,Self-employed,Master,Yes,Rent,1
27.0,9595.0,720.0,13199.0,15.0,Self-employed,High School,Yes,Own,1
38.0,8948.0,782.0,39669.0,18.0,Self-employed,High School,No,Own,1
27.0,4220.0,625.0,22389.0,22.0,,Bachelor,No,Rent,1
36.0,2625.0,775.0,27626.0,4.0,Unemployed,Master,No,Mortgage,1
63.0,4063.0,628.0,21965.0,21.0,Employed,Master,Yes,Mortgage,1
38.0,4136.0,784.0,13467.0,7.0,Unemployed,PhD,Yes,Mortgage,1
27.0,9326.0,773.0,28261.0,8.0,Self-employed,Bachelor,Yes,Mortgage,1
21.0,4902.0,590.0,5667.0,18.0,Employed,PhD,Yes,Mortgage,1
26.0,9062.0,643.0,39898.0,20.0,Unemployed,Master,Yes,Own,1
23.0,8244.0,,9260.0,23.0,Self-employed,Bachelor,Yes,Mortgage,1
54.0,2704.0,564.0,2773.0,17.0,Employed,Master,No,Own,1
62.0,7117.0,839.0,18069.0,17.0,Self-employed,PhD,Yes,Own,1
38.0,4167.0,799.0,24504.0,22.0,Employed,Master,No,Rent,1
37.0,5204.0,757.0,20793.0,18.0,Employed,Bachelor,Yes,Rent,1
34.0,3704.0,598.0,30416.0,7.0,Unemployed,Master,Yes,Mortgage,1
31.0,8165.0,679.0,,8.0,Self-employed,Master,Yes,Rent,1
40.0,7435.0,762.0,38895.0,0.0,Self-employed,Master,Yes,Own,1
22.0,9136.0,763.0,31686.0,19.0,Unemployed,High School,No,Own,1
39.0,3939.0,832.0,20854.0,19.0,Employed,Master,No,Mortgage,1
55.0,2346.0,729.0,26501.0,9.0,Employed,Master,Yes,Rent,1
53.0,6486.0,602.0,17861.0,23.0,Employed,PhD,,Mortgage,1
27.0,6225.0,549.0,20504.0,24.0,Employed,Master,No,Own,1
24.0,9766.0,812.0,7033.0,6.0,Employed,High School,No,Rent,1
18.0,7996.0,603.0,35179.0,10.0,Unemployed,High School,Yes,Own,1
31.0,3750.0,758.0,38070.0,4.0,Employed,Bachelor,Yes,Rent,1
40.0,2400.0,612.0,27642.0,22.0,Self-employed,Master,No,Own,1
38.0,8327.0,598.0,1061.0,18.0,Employed,PhD,No,Mortgage,1
26.0,8993.0,,27649.0,23.0,Unemployed,PhD,No,Rent,1
25.0,3999.0,821.0,32137.0,6.0,Unemployed,Bachelor,Yes,Mortgage,1
34.0,7828.0,602.0,6468.0,5.0,Employed,,Yes,Mortgage,1
48.0,2292.0,717.0,15582.0,12.0,Employed,PhD,Yes,Own,1
25.0,1583.0,661.0,31112.0,5.0,Self-employed,PhD,Yes,Mortgage,1
36.0,5097.0,699.0,37518.0,13.0,Employed,Bachelor,No,Mortgage,1
64.0,6825.0,615.0,23565.0,22.0,Self-employed,Bachelor,No,Mortgage,1
47.0,7414.0,568.0,20180.0,5.0,Employed,High School,No,Rent,1
36.0,3037.0,731.0,22753.0,16.0,Self-employed,High School,Yes,Mortgage,1
51.0,2049.0,806.0,9778.0,16.0,Employed,High School,Yes,Mortgage,1
48.0,7769.0,836.0,33366.0,2.0,,High School,Yes,Own,1
56.0,1567.0,723.0,35963.0,7.0,Unemployed,Master,Yes,Rent,1
45.0,2013.0,836.0,34858.0,24.0,Employed,High School,No,Mortgage,1
43.0,7086.0,780.0,1402.0,2.0,Self-employed,Bachelor,Yes,Own,1
45.0,5918.0,727.0,24143.0,0.0,,Master,No,Mortgage,1
32.0,7899.0,716.0,22394.0,2.0,Employed,Master,No,Mortgage,1
50.0,7438.0,658.0,24494.0,,Self-employed,High School,Yes,Mortgage,1
54.0,6459.0,588.0,17198.0,11.0,Unemployed,High School,Yes,Mortgage,1
40.0,6401.0,468.0,10098.0,13.0,Self-employed,High School,Yes,Mortgage,1
20.0,8810.0,746.0,26652.0,4.0,Employed,Bachelor,No,Mortgage,1
18.0,2338.0,641.0,9360.0,16.0,Unemployed,Bachelor,No,Mortgage,1
56.0,6076.0,758.0,4293.0,24.0,Self-employed,PhD,No,Mortgage,1
32.0,2549.0,775.0,35700.0,20.0,Unemployed,Master,Yes,Mortgage,1
31.0,6543.0,603.0,19383.0,16.0,Self-employed,PhD,Yes,Own,1
31.0,2355.0,785.0,32786.0,18.0,Unemployed,High School,No,Mortgage,1
26.0,4736.0,685.0,31159.0,24.0,Unemployed,Bachelor,No,Mortgage,1
25.0,2196.0,813.0,38783.0,12.0,Self-employed,PhD,Yes,Own,1
53.0,2926.0,680.0,38057.0,13.0,Unemployed,Master,Yes,Own,1
62.0,5345.0,690.0,6504.0,7.0,Self-employed,PhD,Yes,Rent,1
23.0,5898.0,787.0,21607.0,6.0,Self-employed,Master,No,Own,1
57.0,1827.0,748.0,6496.0,2.0,Employed,High School,Yes,Own,1
41.0,4561.0,621.0,13094.0,3.0,Self-employed,PhD,No,Mortgage,1
47.0,3048.0,789.0,16774.0,19.0,Employed,High School,Yes,Rent,1
21.0,3890.0,511.0,14553.0,22.0,Self-employed,PhD,Yes,Rent,1
21.0,1549.0,836.0,35426.0,8.0,Self-employed,PhD,No,Mortgage,1
35.0,6072.0,731.0,15348.0,16.0,Unemployed,Master,No,Mortgage,1
32.0,4412.0,804.0,24504.0,9.0,Employed,Master,Yes,Own,1
53.0,9768.0,701.0,20544.0,19.0,Employed,Bachelor,Yes,Mortgage,1
45.0,2535.0,677.0,28189.0,16.0,Unemployed,High School,No,Rent,1
51.0,5824.0,702.0,31089.0,5.0,Self-employed,Master,Yes,Own,1
23.0,9390.0,548.0,2341.0,9.0,Unemployed,PhD,No,Own,1
18.0,5784.0,734.0,38412.0,16.0,Unemployed,High School,Yes,Mortgage,1
33.0,9222.0,775.0,26973.0,9.0,Self-employed,High School,No,Rent,1
40.0,7224.0,849.0,19513.0,22.0,Self-employed,PhD,Yes,Own,1
38.0,7066.0,658.0,13044.0,10.0,Self-employed,PhD,No,Rent,1
47.0,9778.0,800.0,32830.0,3.0,Employed,Master,Yes,Rent,1
56.0,5992.0,521.0,14520.0,11.0,Unemployed,PhD,Yes,Rent,1
52.0,7623.0,666.0,21265.0,23.0,Employed,,Yes,Rent,1
43.0,4341.0,747.0,27514.0,3.0,Employed,PhD,Yes,Own,1
38.0,6188.0,745.0,28401.0,8.0,Self-employed,PhD,Yes,Mortgage,1
56.0,9093.0,581.0,9158.0,23.0,Unemployed,PhD,No,Own,1
55.0,5928.0,844.0,38414.0,20.0,Self-employed,High School,Yes,Mortgage,1
43.0,5983.0,827.0,38732.0,14.0,Unemployed,Bachelor,No,Mortgage,1
44.0,8659.0,777.0,13667.0,21.0,Unemployed,Bachelor,Yes,Own,1
24.0,5364.0,474.0,18045.0,9.0,Unemployed,Master,No,Rent,1
63.0,5581.0,678.0,28385.0,0.0,Employed,Master,No,Rent,1
21.0,,810.0,8464.0,21.0,Employed,PhD,Yes,Rent,1
42.0,1601.0,694.0,16764.0,13.0,Unemployed,PhD,Yes,Own,1
43.0,2654.0,641.0,26731.0,15.0,Unemployed,Bachelor,Yes,Rent,1
29.0,5403.0,744.0,36799.0,18.0,Self-employed,Bachelor,Yes,Rent,1
56.0,8336.0,749.0,23663.0,11.0,Self-employed,PhD,Yes,Rent,1
59.0,9039.0,759.0,38225.0,16.0,Unemployed,Bachelor,No,Own,1
30.0,5032.0,680.0,17409.0,6.0,Unemployed,Bachelor,No,Own,1
26.0,3206.0,806.0,23182.0,22.0,Employed,Master,No,Rent,1
29.0,2801.0,795.0,4874.0,7.0,Employed,Master,Yes,Mortgage,1
63.0,4608.0,736.0,17121.0,22.0,Unemployed,Master,No,Own,1
60.0,3626.0,832.0,20943.0,23.0,Unemployed,PhD,Yes,Own,1
24.0,6082.0,782.0,4062.0,8.0,Self-employed,PhD,Yes,Own,1
33.0,2210.0,683.0,29029.0,19.0,Unemployed,Bachelor,Yes,Own,1
28.0,8746.0,557.0,3143.0,14.0,Unemployed,High School,Yes,Rent,1
27.0,8860.0,481.0,4772.0,8.0,Unemployed,Master,No,Own,1
40.0,2603.0,715.0,16455.0,9.0,Employed,High School,Yes,Rent,1
29.0,6072.0,839.0,30847.0,11.0,Self-employed,Master,No,Own,1
55.0,2816.0,602.0,24616.0,12.0,Self-employed,Bachelor,Yes,Own,1
50.0,7395.0,722.0,10745.0,1.0,Self-employed,High School,No,Own,1
64.0,1911.0,830.0,39393.0,12.0,Unemployed,High School,Yes,Mortgage,1
51.0,5378.0,813.0,23126.0,12.0,Self-employed,High School,No,Rent,1
49.0,8707.0,821.0,26983.0,5.0,Unemployed,PhD,No,Rent,1
55.0,8331.0,635.0,23552.0,5.0,Unemployed,Bachelor,Yes,Mortgage,1
52.0,6143.0,694.0,36457.0,16.0,Unemployed,Bachelor,No,Mortgage,1
60.0,4790.0,630.0,7262.0,12.0,Unemployed,Master,No,Mortgage,1
63.0,9026.0,672.0,33225.0,21.0,Self-employed,Master,Yes,Rent,1
42.0,3568.0,770.0,24503.0,0.0,Employed,PhD,No,Mortgage,1
39.0,9273.0,646.0,30993.0,4.0,Unemployed,PhD,No,Mortgage,1
49.0,6090.0,769.0,17679.0,17.0,Unemployed,High School,Yes,Own,1
20.0,9936.0,707.0,18835.0,10.0,Employed,Master,No,Mortgage,1
42.0,7821.0,814.0,2542.0,17.0,Unemployed,Master,Yes,Own,1
25.0,9425.0,435.0,7744.0,16.0,Self-employed,PhD,Yes,Own,1
38.0,,759.0,30249.0,13.0,Unemployed,PhD,No,Own,1
63.0,8442.0,767.0,26929.0,,Unemployed,PhD,No,Rent,1
40.0,9440.0,593.0,6523.0,10.0,Unemployed,PhD,Yes,Mortgage,1
50.0,7253.0,651.0,12469.0,3.0,Self-employed,PhD,Yes,Own,1
26.0,1718.0,830.0,28327.0,12.0,Unemployed,Bachelor,,Own,1
43.0,7171.0,560.0,18757.0,8.0,Employed,High School,Yes,Rent,1
45.0,8934.0,814.0,2741.0,12.0,Unemployed,Bachelor,Yes,Rent,1
39.0,7137.0,622.0,37549.0,2.0,Unemployed,Master,No,Rent,1
24.0,7959.0,760.0,29136.0,23.0,Employed,PhD,Yes,Rent,1
46.0,3637.0,833.0,20508.0,,Unemployed,High School,Yes,Mortgage,1
50.0,4467.0,513.0,12763.0,16.0,Self-employed,Master,Yes,Mortgage,1
36.0,7852.0,637.0,31605.0,4.0,Self-employed,Bachelor,No,,1
51.0,8540.0,792.0,18067.0,20.0,Unemployed,PhD,No,Own,1
61.0,9689.0,690.0,28425.0,15.0,Employed,High School,Yes,Mortgage,1
32.0,9252.0,721.0,33221.0,17.0,Employed,Bachelor,No,Mortgage,1
64.0,5094.0,821.0,4083.0,8.0,Self-employed,Master,No,Rent,1
24.0,,640.0,38662.0,13.0,Unemployed,Master,Yes,Own,1
52.0,7393.0,744.0,12814.0,14.0,Self-employed,Bachelor,No,Own,1
25.0,1638.0,778.0,24421.0,23.0,Self-employed,PhD,Yes,Mortgage,1
51.0,6020.0,845.0,35725.0,24.0,Unemployed,Bachelor,Yes,Rent,1
30.0,9606.0,842.0,33405.0,9.0,Self-employed,Master,Yes,Own,1
48.0,4790.0,747.0,38514.0,4.0,Self-employed,PhD,Yes,Rent,1
25.0,5591.0,679.0,4028.0,16.0,Employed,Master,No,Mortgage,1
27.0,2633.0,719.0,7239.0,23.0,Employed,Bachelor,Yes,Rent,1
28.0,8407.0,809.0,4660.0,21.0,Unemployed,High School,No,Rent,1
56.0,,811.0,29385.0,2.0,Unemployed,Bachelor,No,Own,1
28.0,7664.0,642.0,16172.0,15.0,Employed,Bachelor,No,Rent,1
36.0,9924.0,694.0,5667.0,9.0,Unemployed,High School,No,Own,1
41.0,4478.0,573.0,29895.0,19.0,Self-employed,Master,Yes,Mortgage,1
27.0,1721.0,611.0,23465.0,20.0,Unemployed,High School,Yes,Rent,1
32.0,9975.0,680.0,38850.0,21.0,Unemployed,High School,No,Rent,1
27.0,3883.0,741.0,36368.0,1.0,Self-employed,High School,Yes,Mortgage,1
62.0,2227.0,735.0,30567.0,24.0,Self-employed,High School,Yes,Own,1
47.0,8430.0,560.0,37424.0,2.0,Unemployed,PhD,Yes,Own,1
42.0,4211.0,643.0,5983.0,23.0,,Bachelor,No,Rent,1
57.0,6366.0,799.0,32789.0,16.0,Employed,Bachelor,Yes,Rent,1
53.0,9716.0,793.0,25245.0,20.0,Unemployed,High School,No,Rent,1
27.0,1569.0,619.0,26955.0,23.0,,PhD,Yes,Own,1
20.0,9732.0,733.0,24891.0,12.0,Employed,Bachelor,Yes,Own,1
28.0,4636.0,722.0,11646.0,24.0,Self-employed,Bachelor,No,Own,1
20.0,4963.0,802.0,19126.0,4.0,Self-employed,PhD,,Own,1
20.0,3040.0,813.0,39618.0,17.0,Self-employed,High School,Yes,Rent,1
